Handle,Title,Body (HTML),Vendor,Product Category,Type,Tags,Published,Option1 Name,Option1 Value,Option2 Name,Option2 Value,Option3 Name,Option3 Value,Variant SKU,Variant Grams,Variant Inventory Tracker,Variant Inventory Qty,Variant Inventory Policy,Variant Fulfillment Service,Variant Price,Variant Compare At Price,Variant Requires Shipping,Variant Taxable,Variant Barcode,Image Src,Image Position,Image Alt Text,Gift Card,SEO Title,SEO Description,Google Shopping / Google Product Category,Google Shopping / Gender,Google Shopping / Age Group,Google Shopping / MPN,Google Shopping / AdWords Grouping,Google Shopping / AdWords Labels,Google Shopping / Condition,Google Shopping / Custom Product,Google Shopping / Custom Label 0,Google Shopping / Custom Label 1,Google Shopping / Custom Label 2,Google Shopping / Custom Label 3,Google Shopping / Custom Label 4,Variant Image,Variant Weight Unit,Variant Tax Code,Cost per item,Price / International,Compare At Price / International,Status
tide-liquid-tl-850-ml-btl-2,TIDE LIQUID TL 850 ML (BTL) || S2,"<p>Elevate your laundry routine with the exceptional cleaning power of Tide Liquid Laundry Detergent 850ml. Specially formulated to deliver outstanding stain removal and freshness, this detergent is designed to keep your clothes looking vibrant and smelling irresistibly clean.</p>",TIDE,,WASHING/DETERGENTS,LIQUID WASHING DETERGENT,True,Title,Default Title,,,,,'464,0.0,shopify,,deny,manual,177.21,179.0,True,True,,https://cdn.shopify.com/s/files/1/0693/4826/2198/products/464_903fb7df-a5bf-462d-bae9-03ffe597c085.jpg?v=1693392868,1.0,,False,,,,,,,,,,,,,,,,,kg,,,True,,active
tide-liquid-tl-850-ml-btl-3,TIDE LIQUID TL 850 ML (BTL) || S3,"<p>Elevate your laundry routine with the exceptional cleaning power of Tide Liquid Laundry Detergent 850ml. Specially formulated to deliver outstanding stain removal and freshness, this detergent is designed to keep your clothes looking vibrant and smelling irresistibly clean.</p>",TIDE,,WASHING/DETERGENTS,LIQUID WASHING DETERGENT,True,Title,Default Title,,,,,'464,0.0,shopify,,deny,manual,164.0,179.0,True,True,,https://cdn.shopify.com/s/files/1/0693/4826/2198/products/464_ac6d064b-31d2-4713-99f3-0a7dc1ecd900.jpg?v=1693392880,1.0,,False,,,,,,,,,,,,,,,,,kg,,,True,,active
tide-liquid-tl-850-ml-btl-1,TIDE LIQUID TL 850 ML (BTL) || S1,"<p>Elevate your laundry routine with the exceptional cleaning power of Tide Liquid Laundry Detergent 850ml. Specially formulated to deliver outstanding stain removal and freshness, this detergent is designed to keep your clothes looking vibrant and smelling irresistibly clean.</p>",TIDE,,WASHING/DETERGENTS,LIQUID WASHING DETERGENT,True,Title,Default Title,,,,,'464,0.0,shopify,,deny,manual,177.21,179.0,True,False,,https://cdn.shopify.com/s/files/1/0693/4826/2198/products/464_aec15d93-8f5f-477f-9e0c-f834fbc82cd7.jpg?v=1693392855,1.0,,False,,,,,,,,,,,,,,,kg,,kg,,,True,,active
britannia-good-day-cashew-cookies-120-g-pack-of-8,BRITANNIA GOOD DAY CASHEW COOKIES 120 G PACK OF 5 || S3,"<p>Britannia Good Day Cashew Cookies Are Delicious Crunchy Cookies Blended With A Nutty Flavour Of Cashews. 100% Vegetarian, Cashews Cookies Satisfy Your Cravings Between Meals. Britannia Biscuits, Cookies, Cakes And Rusk Are A Perfect Companion For Your Tea. Believing In Delivering Fresh And Healthy Products, Britannia India Manufactures Some Of India's Favourite Brands Like 50-50, Tiger, Nutrichoice, Bourbon, Milk Bikis And Marie Gold.</p>",BRITANNIA,,BISCUITS/BAKERY,BISCUITS,True,Title,Default Title,,,,,'1017,120.0,shopify,,deny,manual,120.0,135.0,True,True,,https://cdn.shopify.com/s/files/1/0693/4826/2198/products/1017_1_21778246-20ec-43b8-a695-e241f4fbf93d.jpg?v=1687812372,1.0,,False,,,,,,,,,,,,,,,,,kg,,,True,,active
good-knight-gold-flash-liquid-vapourizer-pack-of-5,GOOD KNIGHT GOLD FLASH LIQUID VAPORIZER PACK OF 2 || S1,<p></p>,GOOD KNIGHT,,INSECTICIDES/REPELLANT,MOSQUITO LIQUID,True,Title,Default Title,,,,,'1180,0.0,shopify,,deny,manual,148.5,150.0,True,False,,https://cdn.shopify.com/s/files/1/0693/4826/2198/products/1180_1_38ac4f9a-50c3-45b5-a64a-283b03c1222c.jpg?v=1691661839,1.0,,False,,,,,,,,,,,,,,,,,kg,,,True,,active
jwari-solapur-dodh-mogra-2,JWARI SOLAPUR DUDH MOGRA 1 KG || S2,<p>Organic Farm Product to Your Doorstep Jwari Dudh Mogara</p>,R.K.BAZAR,,GROCERY,DHANYA,True,Size,1 kg,,,,,'2037,0.0,shopify,,deny,manual,62.0,62.0,True,True,,https://cdn.shopify.com/s/files/1/0693/4826/2198/products/2037_1_4f08bb43-60bb-4f8a-b4f7-915ce57c1230.jpg?v=1691656261,1.0,,False,,,,,,,,,,,,,,,,https://cdn.shopify.com/s/files/1/0693/4826/2198/products/2037_1_4f08bb43-60bb-4f8a-b4f7-915ce57c1230.jpg?v=1691656261,kg,,,True,,active
jay-shriram-lachkari-wada-kolam-rice-30-kg-1,JAY SHRIRAM LACHKARI WADA KOLAM RICE 1 KG || S1,"<p>The Finest Lachchari Column Rice. Has 3/4th Length Of The Basmati Grains It Is Specially Processed For Daily Cooking Across A Multitude Of Regular Dishes, A Perfect Fit For Every Day Consumption. It Promises A Sweet Taste And Rich Aroma As Each Grain Is Naturally Aged.</p>",R.K.BAZAR,,GROCERY,RICE,True,Size,1 kg,,,,,'2038,30.0,shopify,,deny,manual,62.0,62.0,True,False,,https://cdn.shopify.com/s/files/1/0693/4826/2198/products/2038_1_45ea6b22-fd36-40fb-b5cd-76dd76afee5f.jpg?v=1687984424,1.0,,False,,,,,,,,,,,,,,,kg,https://cdn.shopify.com/s/files/1/0693/4826/2198/products/2038_1_45ea6b22-fd36-40fb-b5cd-76dd76afee5f.jpg?v=1687984424,kg,,,True,,active
m-p-sharbati-wheat-4-5-kg-2,WHEAT MP SHARBATI ROYAL GOLD 1 KG || S2,"<p>Chapatis and rotis made from sharbati wheat flour softer and fluffier. It can also be used for growing wheat grass, very high germination rate. Delicious rotis and breads. Rotis remain soft for longer time. Taste in on the sweeter side with better texture</p>",R.K.BAZAR,,GROCERY,WHEAT,True,Size,1 kg,,,,,'2040,1000.0,shopify,,deny,manual,44.0,44.0,True,False,,https://cdn.shopify.com/s/files/1/0693/4826/2198/products/2040_1_71f3c30d-f03d-4f3e-8b15-2224929318c9.jpg?v=1688015018,1.0,,False,,,,,,,,,,,,,,,,https://cdn.shopify.com/s/files/1/0693/4826/2198/products/2040_1_71f3c30d-f03d-4f3e-8b15-2224929318c9.jpg?v=1688015018,kg,,,True,,active
laxmi-dhar-wheat-30-kg-2,WHEAT MP BEST LPK-1 PANNA 1 KG || S2,"<p>Wheat has a sweet taste that gives you fuller and softer rotis, every single time. You can use it to make bread, baked goods, pancakes, and more. Additionally, it can be used to thicken sauces or create a roux.</p><p></p>",R.K.BAZAR,,GROCERY,WHEAT,True,Size,1 kg,,,,,'2053,1000.0,shopify,,deny,manual,45.0,45.0,True,True,,https://cdn.shopify.com/s/files/1/0693/4826/2198/products/2053_2_ab1697bc-5cf8-42fd-b38c-f842461a045b.jpg?v=1694071167,1.0,,False,,,,,,,,,,,,,,,,https://cdn.shopify.com/s/files/1/0693/4826/2198/products/2053_2_ab1697bc-5cf8-42fd-b38c-f842461a045b.jpg?v=1694071167,kg,,,True,,active
r-k-khara-singh-100-gm-3,R K KHARA SINGH 100 G || S1,,R.K.BAZAR(TAX),,FARSAN/CHIKKI,ROASTED NUTS,True,Title,Default Title,,,,,'2075,100.0,shopify,,deny,manual,35.0,35.0,True,False,,https://cdn.shopify.com/s/files/1/0693/4826/2198/products/2075_2_8a6fa822-7025-4e7b-84f2-1928055fb4d6.jpg?v=1691667660,1.0,,False,,,,,,,,,,,,,,,,,kg,,,True,,active
kismish-black-100-gm-1,KISHMISH (BLACK) 100 G || S1,"<p>The RK Bazar - Raisins/Kishmish - Black, With Seeds are naturally dried black grapes that are super tasty and make for great snacking choices. Naturally sweet, juicy and super tasty, these Black Raisins with seeds from RK Bazar are colour sorted and contain vitamins and minerals to help boost immunity and fight anemiaThey are a great low calorie snack that fills you up easilyUse these raisins in your desserts as topping, in kheer, halva, cookies and also savoury curries and rice items Explore the wide range of groceries and condiments from RK Bazar only on Big Basket</p><p></p>",R.K.BAZAR(TAX),,DRY FRUITS,BLACK KISHMISH,True,Title,Default Title,,,,,'2449,100.0,shopify,,deny,manual,55.0,55.0,True,False,,https://cdn.shopify.com/s/files/1/0693/4826/2198/products/2449_1_b7732868-c5a2-4966-ac34-c95ba9baa859.jpg?v=1692198082,1.0,,False,,,,,,,,,,,,,,,,,kg,,,True,,active
amul-butter-100-gm-12,AMUL BUTTER 100 G || S2,"<p>Who doesn't like a chunk of creamy, velvety, smooth and mouth-watering butter? Made with fresh ingredients, Amul Butter is a multi-purpose butter that can be used as a spread on bread, paratha, roti, naan and sandwiches. It also makes an excellent topping for Pav-bhaji, dal, soups, salads, rice as well as a great cooking medium for Butter Paneer, Dal Makhni and a variety of delightful recipes.</p><p></p>",AMUL,,DAIRY/FROZEN,BUTTER,True,Title,Default Title,,,,,'2507,100.0,shopify,,deny,manual,57.42,58.0,True,False,,https://cdn.shopify.com/s/files/1/0693/4826/2198/products/2507_f40f6117-02e0-4373-87b8-25446f62458a.webp?v=1691496645,1.0,,False,,,,,,,,,,,,,,,,,kg,,,True,,active
coconut-whole-1-n-2,COCONUT WHOLE 1 PIECE || S2,"<p>The coconut, also known as “Nariyal” is popular for multiple uses across various regions. With its water being one of the best sources of hydration there are other benefits too. It is rich in Dietary Fiber. It can also be dried for longer storage duration. We source high quality fresh cocunuts and deliver it fresh at your door step.</p>",VINAYAKA,,VEGETABLES/FRUITS,VEGETABLES,True,Title,Default Title,,,,,'3162,1.0,shopify,,deny,manual,21.0,24.0,True,True,,https://cdn.shopify.com/s/files/1/0693/4826/2198/products/3162_1_464e9a68-b06a-4f86-8313-2d004c76980c.jpg?v=1687987045,1.0,,False,,,,,,,,,,,,,,,,,kg,,,True,,active
coconut-whole-1-n-3,COCONUT WHOLE 1 PIECE || S3,"<p>The coconut, also known as “Nariyal” is popular for multiple uses across various regions. With its water being one of the best sources of hydration there are other benefits too. It is rich in Dietary Fiber. It can also be dried for longer storage duration. We source high quality fresh cocunuts and deliver it fresh at your door step.</p>",VINAYAKA,,VEGETABLES/FRUITS,VEGETABLES,True,Title,Default Title,,,,,'3162,1.0,shopify,,deny,manual,21.0,30.0,True,True,,https://cdn.shopify.com/s/files/1/0693/4826/2198/products/3162_1_862e1b81-1c97-449c-8abb-4a5d7dc8cd05.jpg?v=1687987049,1.0,,False,,,,,,,,,,,,,,,,,kg,,,True,,active
coconut-whole-1-n-1,COCONUT WHOLE 1 PIECE || S1,"<p>The coconut, also known as bNariyalb is popular for multiple uses across various regions. With its water being one of the best sources of hydration there are other benefits too. It is rich in Dietary Fiber. It can also be dried for longer storage duration. We source high quality fresh cocunuts and deliver it fresh at your door step.</p>",VINAYAKA,,VEGETABLES/FRUITS,VEGETABLES,True,Title,Default Title,,,,,'3162,1.0,shopify,,deny,manual,21.0,30.0,True,False,,https://cdn.shopify.com/s/files/1/0693/4826/2198/products/3162_1_eccf7696-6f17-4bb2-9686-e1b864e6bed2.jpg?v=1687987042,1.0,,False,,,,,,,,,,,,,,,kg,,kg,,,True,,active
kala-rajma-250-gm-2,KALA RAJMA 250 G || S2,"<p>Rajma is high in protein and a good source of cholesterol-lowering fiber. It is made into a delicious curry, commonly eaten with steamed rice. These are an outstanding supply of folate, manganese and dietary fiber. It is a fine supply of protein, phosphorus, copper, thiamine (vitamin B1), iron, potassium and magnesium. These are low in fat &amp; loaded with nutrients. With no prior cleaning, soaking or cooking required, tasty rajma is just a pan and minutes away. So go ahead and enjoy Rajma with spices of your choice for a tasty and healthy dish in minutes.</p><p></p>",R.K.BAZAR(TAX),,GROCERY,KADDHAYNA,True,Title,Default Title,,,,,'3610,250.0,shopify,,deny,manual,68.0,68.0,True,False,,https://cdn.shopify.com/s/files/1/0693/4826/2198/products/3610_1_167856ce-b0d3-4182-b673-84d6d2f82fe0.jpg?v=1692198942,1.0,,False,,,,,,,,,,,,,,,,,kg,,,True,,active
bahuraani-kohinoor-sortex-quality-rice-30-kg-2,BAHURAANI KOHINOOR SORTEX QUALITY RICE 1 KG || S2,"<p>Bahuraani Sortex Quality Rice is a high-quality product ideal for all your cooking needs. It can be steamed or boiled as per your need. Also, it has a flavourful aroma that naturally compliments your lunch or dinner. It has great taste and is well processed before packaging.</p><p></p>",R.K.BAZAR,,GROCERY,RICE,True,Size,1 kg,,,,,'3631,30.0,shopify,,deny,manual,34.0,34.0,True,True,,https://cdn.shopify.com/s/files/1/0693/4826/2198/products/3631_1_ce0e2e66-da02-4000-8065-489f7857755c.jpg?v=1687761042,1.0,,False,,,,,,,,,,,,,,,,https://cdn.shopify.com/s/files/1/0693/4826/2198/products/3631_1_ce0e2e66-da02-4000-8065-489f7857755c.jpg?v=1687761042,kg,,,True,,active
dhara-gro-nut-oil-5-lt-j-2,DHARA GRO- NUT OIL 5 LT (J) || S2,"<p>Experience the wholesome goodness of Dhara Gro-Nut Oil 5L (Jerry Can), a cooking essential that's carefully crafted to bring out the flavors in your dishes. Made from the finest nuts and seeds, this versatile cooking oil is a reliable choice for your culinary adventures.</p>",DHARA,,OIL/GHEE/VANASPATI,GROUNDNUT OIL,True,Title,Default Title,,,,,'3724,0.0,shopify,,deny,manual,1165.0,1275.0,True,True,,https://cdn.shopify.com/s/files/1/0693/4826/2198/products/3724_6d58774d-b6b2-417a-83fe-ca5688cced7e.jpg?v=1693393957,1.0,,False,,,,,,,,,,,,,,,,,kg,,,True,,active
sdri-sagar-lachkari-vada-kolam-rice-kolam-rice-26-kg-2,SHRI SAGAR LACHKARI VADA KOLAM 1 KG || S2,<p>Vada Kolam is made from pure and authentic harvests originating from the finest farms of Karnataka Region.</p><p></p>,R.K.BAZAR,,GROCERY,RICE,True,Size,1 kg,,,,,'3740,26.0,shopify,,deny,manual,57.0,57.0,True,True,,https://cdn.shopify.com/s/files/1/0693/4826/2198/files/3740_fb03ccbf-563f-44c0-98d8-f89b09aa138d.webp?v=1694432978,1.0,,False,,,,,,,,,,,,,,,,https://cdn.shopify.com/s/files/1/0693/4826/2198/files/3740_fb03ccbf-563f-44c0-98d8-f89b09aa138d.webp?v=1694432978,kg,,,True,,active
good-kni-gold-fl-ref-lav-45ml-3,GOOD KNIGHT GOLD FLASH REFILL LAVENDER 45ML || S3,"<p>Enhance your home with the soothing aroma and protection of Good Knight Gold Flash Refill Lavender 45ml. Infused with the calming fragrance of lavender, this refill pack is designed to provide effective mosquito repellency while adding a touch of tranquility to your surroundings.</p>",GOOD KNIGHT,,INSECTICIDES/REPELLANT,MOSQUITO LIQUID,True,Title,Default Title,,,,,'3864,0.0,shopify,,deny,manual,76.23,77.0,True,True,,https://cdn.shopify.com/s/files/1/0693/4826/2198/files/3864_4ae6e7ff-1e05-43d8-a0b2-6c3a28a67093.jpg?v=1696426911,1.0,,False,,,,,,,,,,,,,,,,,kg,,,True,,active
makhana-100-gm-1,MAKHANA 100 G || S1,<p>Moong Chilta or Chilka is the husk coated version on Moong Dal. Very Nutritious and Natural and a essential Recipe ingredient in many of your favourite Indian food preparations. Mantri Mart offers authentic quality Moong Chilka wali Dal</p><p></p>,R.K.BAZAR(TAX),,DRY FRUITS,MAKHANA,True,Title,Default Title,,,,,'4421,100.0,shopify,,deny,manual,118.0,118.0,True,False,,https://cdn.shopify.com/s/files/1/0693/4826/2198/products/4421_1_8629ed6f-2fda-469e-821a-eb3097974773.jpg?v=1692199129,1.0,,False,,,,,,,,,,,,,,,,,kg,,,True,,active
amul-processed-cheese-block-200-g-carton-2,AMUL PROCESSED CHEESE BLOCK 200 G CARTON || S2,"<p>Amul Processed Cheese Block Is Completed From Graded Cow/Buffalo Milk Using Microbial Rennet. It Is Delectably Creamy And Superior Supply Of Vitamin A, Protein And Calcium. It Is Very Healthful And Rich In Milk Protein. It Is 1 % Vegetarian. It Improves Its Flavor In Melted Dishes Like Soups And Saucy Spicy And Hot Recipes. It Is Especially Strong For Your Diet Due To Its Dietary Value.</p>",AMUL,,DAIRY/FROZEN,CHEESE,True,Title,Default Title,,,,,'5745,200.0,shopify,,deny,manual,129.6,131.0,True,False,,https://cdn.shopify.com/s/files/1/0693/4826/2198/products/5745_1_a9fcb389-33d3-4201-8798-34f1efd34eef.jpg?v=1692881285,1.0,,False,,,,,,,,,,,,,,,,,kg,,,True,,active
make-in-india-premium-wheat-30-k-2,WHEAT ORIM.P.SIHIR SILVERKAJU 1 KG || S2,"<p>Wheat has a sweet taste that gives you fuller and softer rotis, every single time. You can use it to make bread, baked goods, pancakes, and more. Additionally, it can be used to thicken sauces or create a roux.</p><p></p>",R.K.BAZAR,,GROCERY,WHEAT,True,Size,1 kg,,,,,'5848,1000.0,shopify,,deny,manual,55.0,55.0,True,True,,https://cdn.shopify.com/s/files/1/0693/4826/2198/products/5848_2_820ef52e-5e3f-4c84-86b1-ad405a14bf22.jpg?v=1694068122,1.0,,False,,,,,,,,,,,,,,,,https://cdn.shopify.com/s/files/1/0693/4826/2198/products/5848_2_820ef52e-5e3f-4c84-86b1-ad405a14bf22.jpg?v=1694068122,kg,,,True,,active
himalaya-neem-face-wash-60-g-3,HIMALAYA NEEM FACE WASH 60 G || S3,<p>Himalaya Purifying Neem Face Wash is a soap-free formulation that cleans impurities and helps clear pimples</p>,HIMALAYA,,COSMETICS,FACE WASH,True,Title,Default Title,,,,,'6435,60.0,shopify,,deny,manual,79.2,80.0,True,False,,https://cdn.shopify.com/s/files/1/0693/4826/2198/products/6435_1_ee7afce4-786f-4c35-b7e4-c1f3de4adc98.jpg?v=1688047754,1.0,,False,,,,,,,,,,,,,,,,,kg,,,True,,active
snacks-dry-fruits-nuts-3,CHAROLI NUT 20 G || S1,"<p>Charoli nut has benefits for stomach, heart and skin. Gives a nutty flavor to various sweets.</p>",R.K.BAZAR(TAX),,DRY FRUITS,CHAROLI,True,Title,Default Title,,,,,'6437,20.0,shopify,,deny,manual,58.0,58.0,True,False,,https://cdn.shopify.com/s/files/1/0693/4826/2198/products/6437_1_1f9736f0-e8fc-46c5-bb67-61e3affec5b5.jpg?v=1691607201,1.0,,False,,,,,,,,,,,,,,,,,kg,,,True,,active
fortune-sun-lite-sunflower-refined-oil-5-l-can-2,FORTUNE SUN LITE SUNFLOWER REFINED OIL 5 LTR CAN || S2,"<span>Fortune Sunflower Oil is a light, healthy and nutritious cooking oil. Being rich in vitamins and consisting mainly of polyunsaturated fatty acids, it makes food easy to digest.</span>",FORTUNE,,OIL/GHEE/VANASPATI,SUNFLOWER OIL,True,Title,Default Title,,,,,'8004,5000.0,shopify,,deny,manual,630.0,680.0,True,False,,https://cdn.shopify.com/s/files/1/0693/4826/2198/products/8004_1_10628284-496d-4acd-b600-4c246b951308.jpg?v=1691629192,1.0,,False,,,,,,,,,,,,,,,,,kg,,,True,,active
rice-flour-pulses-2,FORTUNE ROZANA BASMATI RICE SUITABLE FOR DAILY COOKING 5 KG || S2,"<p>Fortune Rozana basmati rice is a fine variety of basmati that you can relish every day. It is specially aged to help every grain acquire the best basmati characteristics of fluffy and long grain. On cooking, the grains do not stick together and become flavorsome. The result is an irresistible serving the delights everyone’s heart through its appearance and taste.</p>",FORTUNE,,GROCERY,BASMATI BRANDED,True,Title,Default Title,,,,,'9165,5.0,shopify,,deny,manual,445.0,585.0,True,False,,https://cdn.shopify.com/s/files/1/0693/4826/2198/products/9165_1_65e2c89c-f123-4437-858b-1a7877d990e3.jpg?v=1691617819,1.0,,False,,,,,,,,,,,,,,,,,kg,,,True,,active
rice-flour-pulses-3,FORTUNE ROZANA BASMATI RICE SUITABLE FOR DAILY COOKING 5 KG || S1,"<p>Fortune Rozana basmati rice is a fine variety of basmati that you can relish every day. It is specially aged to help every grain acquire the best basmati characteristics of fluffy and long grain. On cooking, the grains do not stick together and become flavorsome. The result is an irresistible serving the delights everyone’s heart through its appearance and taste.</p>",FORTUNE,,GROCERY,BASMATI BRANDED,True,Title,Default Title,,,,,'9165,5.0,shopify,,deny,manual,445.0,585.0,True,False,,https://cdn.shopify.com/s/files/1/0693/4826/2198/products/9165_1_973fe163-d460-4a84-9735-89659fe8aa47.jpg?v=1691617830,1.0,,False,,,,,,,,,,,,,,,,,kg,,,True,,active
india-gate-basmati-rice-bag-super-5-kg-2,"INDIA GATE BASMATI RICE BAG, SUPER, 5 KG || S2","<span>From the World's No. 1 Basmati Rice* brand, India Gate Super Basmati Rice is one of the most premium basmati rice. It is defined by its fine texture, long and slender and pearlescent white grains. When cooked, the grains elongate up to three times in length. Grown and harvested in the north-western foothills of the Himalayas, this Basmati rice helps fuel your body with the essential vitamins and nutrients. It is aged for a minimum of 1.5 years which results in better volume, fluffiness and yield. This aging process also imparts the distinct basmati aroma and taste. The India Gate Super Basmati Rice is produced with international quality standards, cleaned, sorted and packed in superior, hygienic and state-of-the-art facilities, completely untouched by human hands.</span>",INDIA GATE,,GROCERY,BASMATI BRANDED,True,Title,Default Title,,,,,'9645,5000.0,shopify,,deny,manual,925.0,1080.0,True,False,,https://cdn.shopify.com/s/files/1/0693/4826/2198/products/9645_1_7d1fcd47-699e-474d-8c07-56e396e7267d.jpg?v=1687835054,1.0,,False,,,,,,,,,,,,,,,,,kg,,,True,,active
india-gate-basmati-rice-bag-super-5-kg-3,"INDIA GATE BASMATI RICE BAG, SUPER, 5 KG || S3","<span>From the World's No. 1 Basmati Rice* brand, India Gate Super Basmati Rice is one of the most premium basmati rice. It is defined by its fine texture, long and slender and pearlescent white grains. When cooked, the grains elongate up to three times in length. Grown and harvested in the north-western foothills of the Himalayas, this Basmati rice helps fuel your body with the essential vitamins and nutrients. It is aged for a minimum of 1.5 years which results in better volume, fluffiness and yield. This aging process also imparts the distinct basmati aroma and taste. The India Gate Super Basmati Rice is produced with international quality standards, cleaned, sorted and packed in superior, hygienic and state-of-the-art facilities, completely untouched by human hands.</span>",INDIA GATE,,GROCERY,BASMATI BRANDED,True,Title,Default Title,,,,,'9645,5000.0,shopify,,deny,manual,925.0,960.0,True,False,,https://cdn.shopify.com/s/files/1/0693/4826/2198/products/9645_1_fe7d61ac-c4b1-42f3-88e3-2db29292e1f8.jpg?v=1687835066,1.0,,False,,,,,,,,,,,,,,,,,kg,,,True,,active
india-gate-basmati-rice-bag-super-5-kg-1,"INDIA GATE BASMATI RICE BAG, SUPER, 5 KG || S1","<span>From the World's No. 1 Basmati Rice* brand, India Gate Super Basmati Rice is one of the most premium basmati rice. It is defined by its fine texture, long and slender and pearlescent white grains. When cooked, the grains elongate up to three times in length. Grown and harvested in the north-western foothills of the Himalayas, this Basmati rice helps fuel your body with the essential vitamins and nutrients. It is aged for a minimum of 1.5 years which results in better volume, fluffiness and yield. This aging process also imparts the distinct basmati aroma and taste. The India Gate Super Basmati Rice is produced with international quality standards, cleaned, sorted and packed in superior, hygienic and state-of-the-art facilities, completely untouched by human hands.</span>",INDIA GATE,,GROCERY,BASMATI BRANDED,True,Title,Default Title,,,,,'9645,5000.0,shopify,,deny,manual,925.0,1080.0,True,False,,https://cdn.shopify.com/s/files/1/0693/4826/2198/products/9645_1_1796412c-fd82-4f97-9e12-281b640ca51c.jpg?v=1687835043,1.0,,False,,,,,,,,,,,,,,,,,kg,,,True,,active
india-gate-basmati-rice-feast-rozzana-1-kg-pouch-2,INDIA GATE BASMATI RICE FEAST ROZZANA 1 KG POUCH || S2,"<span>From the World's No. 1 Basmati Rice* brand, India Gate Feast Rozzana Rice is everyday rice that makes each meal memorable. This daily use basmati rice leaves you feeling satisfied and nourished. Grown in the north-western foothills of the Himalayas, this Basmati rice helps fuel your body with the essential vitamins and nutrients. It is aged for a minimum of 1.5 years which results in better volume, fluffiness, yield and distinct basmati aroma &amp; taste. The India Gate Feast Rozzana basmati rice is produced with international quality standards, cleaned, sorted and packed in superior, hygienic and state-of-the-art facilities, completely untouched by human hands.</span>",INDIA GATE,,GROCERY,BASMATI BRANDED,True,Title,Default Title,,,,,'9648,1.0,shopify,,deny,manual,105.0,118.0,True,False,,https://cdn.shopify.com/s/files/1/0693/4826/2198/products/9648_1_94040e64-d723-4100-aed9-71e3eeb7db17.jpg?v=1687835160,1.0,,False,,,,,,,,,,,,,,,,,kg,,,True,,active
india-gate-basmati-rice-feast-rozzana-1-kg-pouch-3,INDIA GATE BASMATI RICE FEAST ROZZANA 1 KG POUCH || S3,"<span>From the World's No. 1 Basmati Rice* brand, India Gate Feast Rozzana Rice is everyday rice that makes each meal memorable. This daily use basmati rice leaves you feeling satisfied and nourished. Grown in the north-western foothills of the Himalayas, this Basmati rice helps fuel your body with the essential vitamins and nutrients. It is aged for a minimum of 1.5 years which results in better volume, fluffiness, yield and distinct basmati aroma &amp; taste. The India Gate Feast Rozzana basmati rice is produced with international quality standards, cleaned, sorted and packed in superior, hygienic and state-of-the-art facilities, completely untouched by human hands.</span>",INDIA GATE,,GROCERY,BASMATI BRANDED,True,Title,Default Title,,,,,'9648,1.0,shopify,,deny,manual,105.0,118.0,True,False,,https://cdn.shopify.com/s/files/1/0693/4826/2198/products/9648_1_f91299c8-6cac-420f-9052-6b146f335a9d.jpg?v=1687835164,1.0,,False,,,,,,,,,,,,,,,,,kg,,,True,,active
india-gate-basmati-rice-feast-rozzana-1-kg-pouch-1,INDIA GATE BASMATI RICE FEAST ROZZANA 1 KG POUCH || S1,"<span>From the World's No. 1 Basmati Rice* brand, India Gate Feast Rozzana Rice is everyday rice that makes each meal memorable. This daily use basmati rice leaves you feeling satisfied and nourished. Grown in the north-western foothills of the Himalayas, this Basmati rice helps fuel your body with the essential vitamins and nutrients. It is aged for a minimum of 1.5 years which results in better volume, fluffiness, yield and distinct basmati aroma &amp; taste. The India Gate Feast Rozzana basmati rice is produced with international quality standards, cleaned, sorted and packed in superior, hygienic and state-of-the-art facilities, completely untouched by human hands.</span>",INDIA GATE,,GROCERY,BASMATI BRANDED,True,Title,Default Title,,,,,'9648,1.0,shopify,,deny,manual,105.0,118.0,True,False,,https://cdn.shopify.com/s/files/1/0693/4826/2198/products/9648_1_6540526c-26cb-4fbc-85fb-5c14a0246552.jpg?v=1687835156,1.0,,False,,,,,,,,,,,,,,,,,kg,,,True,,active
toor-dal-latur-1-kg-2,TOOR DAL LATUR 1 KG || S2,"<span data-mce-fragment=""1"">One of India's favourite dals is toor dal. Toor dal is used throughout the nation due to its scent, flavour, and ease of preparation, whether it be in the well-known North Indian Dal Tadka, the enticing Gujarati Khichdi, or even a South Indian Sambar.</span>",R.K.BAZAR(TAX),,GROCERY,PULSES,True,Title,Default Title,,,,,'10627,1000.0,shopify,,deny,manual,210.0,210.0,True,True,,https://cdn.shopify.com/s/files/1/0693/4826/2198/products/10627_1_c9e33e0b-0160-46f9-b35b-6dbebde366d7.jpg?v=1687963328,1.0,,False,,,,,,,,,,,,,,,,,kg,,,True,,active
favorite-p-p-jain-sortex-clean-wheat-30-kg-bag-2,FAVORITE P.P. JAIN SORTEX CLEAN WHEAT 1 KG || S2,"<p>Wheat has a sweet taste that gives you fuller and softer rotis, every single time. You can use it to make bread, baked goods, pancakes, and more. Additionally, it can be used to thicken sauces or create a roux.</p><p></p>",R.K.BAZAR,,GROCERY,WHEAT,True,Size,1 kg,,,,,'12595,1000.0,shopify,,deny,manual,43.0,43.0,True,False,,https://cdn.shopify.com/s/files/1/0693/4826/2198/products/12595_1_d9c89e50-97df-4430-9c97-90a4fe74b906.jpg?v=1688040759,1.0,,False,,,,,,,,,,,,,,,,https://cdn.shopify.com/s/files/1/0693/4826/2198/products/12595_1_d9c89e50-97df-4430-9c97-90a4fe74b906.jpg?v=1688040759,kg,,,True,,active
stayfree-secure-cottony-soft-sanitary-pads-regular-pack-of-20-pads-1,"STAYFREE SECURE COTTONY SOFT SANITARY PADS - REGULAR,PACK OF 20 PADS || S1",<span>Now it's time to get all-day-long freshness round the clock during your periods. Stayfree Secure Cottony Soft Sanitary Napkin with Wings ensures you continue your day with ease and comfort. It is soft on your skin and gives you complete protection from leakage with long-lasting odour protection.</span>,STAYFREE,,SANITARY NAPKINS/DIAPERS,SANITARY NAPKINS,True,Title,Default Title,,,,,'12779,0.0,shopify,,deny,manual,122.76,124.0,True,False,,https://cdn.shopify.com/s/files/1/0693/4826/2198/products/12779_1_79008932-b57c-48a2-bc54-a3ce59b32ca6.jpg?v=1687840138,1.0,,False,,,,,,,,,,,,,,,,,kg,,,True,,active
amul-kool-elaichi-milk-200ml-2,AMUL KOOL ELAICHI MILK 200ML || S2,<p>Amul Kool Elaichi Milk in a 200ml pack is a delightful and convenient beverage that combines the goodness of milk with the aromatic flavor of cardamom (elaichi). This ready-to-drink milk provides a refreshing option for those looking for a quick and flavorful beverage.</p>,AMUL,,DAIRY/FROZEN,MILK DRINKS,True,Title,Default Title,,,,,'13172,0.0,shopify,,deny,manual,24.75,25.0,True,True,,https://cdn.shopify.com/s/files/1/0693/4826/2198/products/13172_349595ae-88ee-46e0-bdf6-da04bce945ba.jpg?v=1693394736,1.0,,False,,,,,,,,,,,,,,,,,kg,,,True,,active
white-kohinoor-president-solapur-jowar-2,WHITE KOHINOOR PRESIDENT SOLAPUR HIGH QUALITY JOWAR || S2,<p>High quality Doodhmogra Jowar from Solapur under the brand Kohinoor President for wholesale supply. </p>,R.K.BAZAR,,GROCERY,DHANYA,True,Size,1 kg,,,,,'15262,51.0,shopify,,deny,manual,68.0,68.0,True,True,,https://cdn.shopify.com/s/files/1/0693/4826/2198/products/15262_1_32ddb062-2c56-4f5d-bc69-8854b1bf89b8.jpg?v=1687988595,1.0,,False,,,,,,,,,,,,,,,,https://cdn.shopify.com/s/files/1/0693/4826/2198/products/15262_1_32ddb062-2c56-4f5d-bc69-8854b1bf89b8.jpg?v=1687988595,kg,,,True,,active
amul-cow-ghee-500-ml-r-2,AMUL  COW GHEE 500 ML || S2,"<p>Amul Cow Ghee is made from cow's milk and is known for its quality and taste. It is commonly used in traditional Indian cuisine for cooking, frying, and flavoring dishes. Ghee is valued for its high smoke point and nutty flavor.</p>",AMUL,,OIL/GHEE/VANASPATI,GHEE,True,Title,Default Title,,,,,'19322,0.0,shopify,,deny,manual,320.0,325.0,True,True,,https://cdn.shopify.com/s/files/1/0693/4826/2198/products/19322_f6f8b681-e79e-4660-bb40-27dc019d2847.jpg?v=1693395040,1.0,,False,,,,,,,,,,,,,,,,,kg,,,True,,active
mirchi-kashmiri-100gm-1,MIRCHI KASHMIRI 100GM || S1,,R.K.BAZAR(TAX),,SPICES/MASALA,MASALE,False,Title,Default Title,,,,,'25946,100.0,shopify,,deny,manual,118.0,118.0,True,False,,,,,False,,,,,,,,,,False,,,,,,,kg,,,True,,active
rice-new-indrayani-lajwab-2-kg-2,RICE NEW INDRAYANI LAJWAB 1 KG || S2,"<p>Rice is famous in the southern regions of India. It is aromatic and lightweight, and considered to be of best quality. Indrayani Rice is perfect for preparing dishes like sweet pongal, fried rice, biryani, and daily cooking. This rice is basically used for the preparation of traditional rice recepies like amboli, rice bhakri.</p>",R.K.BAZAR,,GROCERY,RICE,True,Size,1 kg,,,,,'26112,25.0,shopify,,deny,manual,52.0,52.0,True,False,,https://cdn.shopify.com/s/files/1/0693/4826/2198/files/26112_01_60b78b8a-0c0f-4237-bf83-756bd67c684a.webp?v=1694427476,1.0,,False,,,,,,,,,,,,,,,,https://cdn.shopify.com/s/files/1/0693/4826/2198/files/26112_01_60b78b8a-0c0f-4237-bf83-756bd67c684a.webp?v=1694427476,kg,,,True,,active
sunday-inc-refined-sunflower-oil-5-l-2,SUNDAY INC REFINED SUNFLOWER OIL 5 LTR || S2,"<p>Sunday Inc refined sunflower oil, 5 L is suitable for cooking purposes and is a vegetarian product.</p>",SUNDAY,,OIL/GHEE/VANASPATI,SUNFLOWER OIL,True,Title,Default Title,,,,,'26258,5000.0,shopify,,deny,manual,620.0,975.0,True,False,,https://cdn.shopify.com/s/files/1/0693/4826/2198/products/26258_1_8f56b9a6-5aa7-4b42-819f-0b640e78db54.jpg?v=1691632158,1.0,,False,,,,,,,,,,,,,,,,,kg,,,True,,active
sunday-inc-refined-sunflower-oil-5-l-1,SUNDAY INC REFINED SUNFLOWER OIL 5 LTR || S3,"<p>Sunday Inc refined sunflower oil, 5 L is suitable for cooking purposes and is a vegetarian product.</p>",SUNDAY,,OIL/GHEE/VANASPATI,SUNFLOWER OIL,True,Title,Default Title,,,,,'26258,5000.0,shopify,,deny,manual,620.0,975.0,True,False,,https://cdn.shopify.com/s/files/1/0693/4826/2198/products/26258_1_aac3074d-dcb2-4321-8172-9bc68b18d478.jpg?v=1691632151,1.0,,False,,,,,,,,,,,,,,,,,kg,,,True,,active
sunday-inc-refined-sunflower-oil-5-l-3,SUNDAY INC REFINED SUNFLOWER OIL 5 LTR || S1,"<p>Sunday Inc refined sunflower oil, 5 L is suitable for cooking purposes and is a vegetarian product.</p>",SUNDAY,,OIL/GHEE/VANASPATI,SUNFLOWER OIL,True,Title,Default Title,,,,,'26258,5000.0,shopify,,deny,manual,620.0,975.0,True,False,,https://cdn.shopify.com/s/files/1/0693/4826/2198/products/26258_1_5c54060a-3d2c-4a91-af59-dfe23b8b59a4.jpg?v=1691632164,1.0,,False,,,,,,,,,,,,,,,,,kg,,,True,,active
colgate-maxfresh-80-g-dental-hygiene-toothpaste-peppermint-ice-blue-gel-1,COLGATE MAXFRESH 80 G DENTAL HYGIENE TOOTHPASTE PEPPERMINT ICE (BLUE GEL) || S1,"<p>Switch on the power of freshness with Colgate Maxfresh toothpaste that refreshes you and helps you seize the day because every morning is a fresh start. The blue gel toothpaste contains unique cooling cyrstals that give you an intense cooling while you brush. Recommended Usage: Put a pea size amount of our Colgate toothpaste on the head of the toothbrush. Insert the toothbrush into your mouth &amp; use gentle, short strokes to brush your teeth. For a better experience try with Colgate Gentle Enamel Toothbrush. For optimal results, brush twice daily for 2min. Colgate is Indiabs most trusted oral care brand. As a trusted partner, we are committed to doing business with integrity and respect for all people and the world around you. Colgate offers quality oral care products, including toothpastes and toothbrushes,as well as expert dental health information. Colgate toothpastes are always 100% vegetarian and gluten free. We care about our environment, Colgate India is the nation's first to earn True Zero Waste Platinum certification for all its four manufacturing sites in India, from Green Business Certification Inc. (GBCI). This toothpaste is made in India, with highest quality standards.</p>",COLGATE,,DENTAL CARE,TOOTH PASTE,True,Title,Default Title,,,,,'26357,80.0,shopify,,deny,manual,71.28,72.0,True,False,,https://cdn.shopify.com/s/files/1/0693/4826/2198/products/26357_1_090a2bcb-8aaa-48b2-a194-dd652ea59cac.jpg?v=1687846405,1.0,,False,,,,,,,,,,,,,,,,,kg,,,True,,active
udid-vada-dal-bold-500-gm-2,URAD VADA DAL BOLD 500 G || S2,"<p>Udid Vada Dal is used for various purposes besides retaining the skins and also has a strong flavor. It provides nutrients, such as protein, fat, and carbohydrates, and is a rich source of proteins like iron, folic acid, calcium, magnesium, potassium, and B vitamins. This helps boost the energy levels in the body and keeps you active. It is a protein-rich dal for vegetarians and for strong bones and a healthy body, have urad dal. It is good for digestion and also prevents constipation. It also has various beauty benefits. It is free of synthetic chemicals and pesticides.</p><p></p>",R.K.BAZAR(TAX),,GROCERY,PULSES,True,Title,Default Title,,,,,'29064,500.0,shopify,,deny,manual,115.0,115.0,True,False,,https://cdn.shopify.com/s/files/1/0693/4826/2198/products/29064_1_bd80b205-88ed-4ece-857b-f44d44c38898.jpg?v=1692200244,1.0,,False,,,,,,,,,,,,,,,,,kg,,,True,,active
closeup-deep-action-red-hot-gel-toothpaste-150-g-pack-of-3,"CLOSEUP DEEP ACTION RED HOT GEL TOOTHPASTE, 150 G (PACK OF 2) || S1","<span>Do you brush your teeth hurriedly? Do you often forget to use mouthwash or not use it at all? Are your teeth dull and covered with a yellowish coating of plaque? Do u have bad breath? If your answer to the above questions is yes then Closeup Everfresh+ Gel Toothpaste is for you! Bad breath is a common condition that affects many people and has health as well as social implications. It can be caused by the millions of bacteria that live in your mouth. If you don't brush, floss and use mouthwash every day, plaque germs can form resulting in bad breath. Closeup Everfresh+ Gel Toothpaste now in Triple Fresh Formula harnesses the combined power of 3 components- Anti-bacterial mouthwash, Purifying Gel and Natural Extracts of Tea Tree and Eucalyptus to keep your mouth clean, protected and fresh.</span>",CLOSE -UP,,DENTAL CARE,TOOTH PASTE,True,Title,Default Title,,,,,'30921,300.0,shopify,,deny,manual,213.84,216.0,True,False,,https://cdn.shopify.com/s/files/1/0693/4826/2198/products/30921_1_f053158a-9637-4318-94a8-77a7cad37f0a.jpg?v=1687850556,1.0,,False,,,,,,,,,,,,,,,,,kg,,,True,,active
nescafe-classic-100-pure-instant-coffee-50-g-pouch-3,NESCAFE CLASSIC 100% PURE INSTANT COFFEE 50 G POUCH || S3,"<p>To Take Your Coffee Experiences To The Next Level, Nescafe, The World's Favourite Instant Coffee Brand, Brings Forth A Rich And Aromatic Coffee In The Form Of Nescafe Classic. The Unmistakable Flavour Of Nescafe Classic Is What Makes This Signature Coffee So Loved All Over The World. Start Your Day Right With The First Sip Of This Classic 100% Pure Coffee And Let The Intense Taste And Wonderfully Refreshing Aroma Of Nescafe Instant Coffee Awaken Your Senses To New Opportunities. With Over 75 Years Of Experience And Working With Coffee Farmers, To Help Them Grow More Sustainable Coffee Through Improved Crop Techniques, We Deliver The Best Coffee Produced By The Best Selecting, Roasting And Blending Methods.</p>",NESCAFE,,TEA/COFFEE,COFFEE,True,Title,Default Title,,,,,'31281,50.0,shopify,,deny,manual,168.3,170.0,True,False,,https://cdn.shopify.com/s/files/1/0693/4826/2198/products/31281_1_d8eeb934-6a61-4b4e-b4a8-0b9cb64d102e.jpg?v=1687851369,1.0,,False,,,,,,,,,,,,,,,,,kg,,,True,,active
fortune-sunlite-refined-sunflower-oil-15-l-tin-2,FORTUNE SUNLITE REFINED SUNFLOWER OIL 15 LTR (TIN) || S2,"<span>Fortune Sunlite Refined Sunflower Oil is one of the most commonly used ingredients in an Indian household. This Oil is ideal for your cooking needs. Use sunflower oil for roast potatoes, Yorkshire puddings, stir-frying vegetables or even in bakes as a replacement for butter.</span>",FORTUNE,,OIL/GHEE/VANASPATI,SUNFLOWER OIL,True,Title,Default Title,,,,,'31343,15000.0,shopify,,deny,manual,1575.0,2100.0,True,False,,https://cdn.shopify.com/s/files/1/0693/4826/2198/products/fortune-sunlite-refined-sunflower-oil-15-l-tin--500x500_f2539346-5c22-42ea-860e-1b4d67b3e897.webp?v=1691634483,1.0,,False,,,,,,,,,,,,,,,,,kg,,,True,,active
fortune-sunlite-refined-sunflower-oil-15-l-tin-1,FORTUNE SUNLITE REFINED SUNFLOWER OIL 15 LTR (TIN) || S3,"<span>Fortune Sunlite Refined Sunflower Oil is one of the most commonly used ingredients in an Indian household. This Oil is ideal for your cooking needs. Use sunflower oil for roast potatoes, Yorkshire puddings, stir-frying vegetables or even in bakes as a replacement for butter.</span>",FORTUNE,,OIL/GHEE/VANASPATI,SUNFLOWER OIL,True,Title,Default Title,,,,,'31343,15000.0,shopify,,deny,manual,1575.0,2100.0,True,False,,https://cdn.shopify.com/s/files/1/0693/4826/2198/products/fortune-sunlite-refined-sunflower-oil-15-l-tin--500x500.webp?v=1691634467,1.0,,False,,,,,,,,,,,,,,,,,kg,,,True,,active
bajarang-indias-finest-rose-matta-rice-2,BAJARANG INDIA S FINEST ROSE MATTA RICE 1 KG || S2,"<p>The highest quality long grain aged Basmati, Hari Patti Zenith id perfect for times when only the best will do.</p>",R.K.BAZAR,,GROCERY,RICE,True,Size,1 kg,,,,,'33263,30.0,shopify,,deny,manual,62.0,62.0,True,False,,https://cdn.shopify.com/s/files/1/0693/4826/2198/files/33263_01_1.webp?v=1694433652,1.0,,False,,,,,,,,,,,,,,,,https://cdn.shopify.com/s/files/1/0693/4826/2198/files/33263_01_1.webp?v=1694433652,kg,,,True,,active
double-kabuta-lachkari-wada-kolam-rice-26-kg-bag-12,RICE MEDIUM JUNA TULSI GOLD 1 KG || S2,<p>Wada Kolam is made from pure and authentic harvests originating from the finest farms of Karnataka Region.</p><p></p>,R.K.BAZAR,,GROCERY,RICE,True,Size,1 kg,,,,,'34566,26000.0,shopify,,deny,manual,60.0,60.0,True,False,,https://cdn.shopify.com/s/files/1/0693/4826/2198/files/34566_01_9c4e4be8-bd38-42ea-a071-b80bbfd371bd.webp?v=1694427872,1.0,,False,,,,,,,,,,,,,,,,https://cdn.shopify.com/s/files/1/0693/4826/2198/files/34566_01_9c4e4be8-bd38-42ea-a071-b80bbfd371bd.webp?v=1694427872,kg,,,True,,active
india-gate-basmati-rice-feast-rozzana-5-kg-pouch-2,INDIA GATE BASMATI RICE FEAST ROZZANA 5 KG POUCH || S2,"<div id=""about_0"" class=""_3ezVU"">
<div>
<div class=""_26MFu"">
<div>From the World's No. 1 Basmati Rice* brand, India Gate Rozana Rice is everyday rice that makes each meal memorable. This daily use basmati rice leaves you feeling satisfied and nourished. Grown in the north-western foothills of the Himalayas, this Basmati rice helps fuel your body with the essential vitamins and nutrients. It is aged for a minimum of 1.5 years which results in better volume, fluffiness, yield and distinct basmati aroma &amp; taste. The India Gate Rozana basmati rice is produced with international quality standards, cleaned, sorted and packed in superior, hygienic and state-of-the-art facilities, completely untouched by human hands.</div>
</div>
</div>
</div>",INDIA GATE,,GROCERY,BASMATI BRANDED,True,Title,Default Title,,,,,'34646,5.0,shopify,,deny,manual,499.0,570.0,True,False,,https://cdn.shopify.com/s/files/1/0693/4826/2198/products/34646_1_7b585ab5-550f-44c0-9585-428b5eba0b06.jpg?v=1687858715,1.0,,False,,,,,,,,,,,,,,,,,kg,,,True,,active
india-gate-basmati-rice-feast-rozzana-5-kg-pouch-3,INDIA GATE BASMATI RICE FEAST ROZZANA 5 KG POUCH || S3,"<div id=""about_0"" class=""_3ezVU"">
<div>
<div class=""_26MFu"">
<div>From the World's No. 1 Basmati Rice* brand, India Gate Rozana Rice is everyday rice that makes each meal memorable. This daily use basmati rice leaves you feeling satisfied and nourished. Grown in the north-western foothills of the Himalayas, this Basmati rice helps fuel your body with the essential vitamins and nutrients. It is aged for a minimum of 1.5 years which results in better volume, fluffiness, yield and distinct basmati aroma &amp; taste. The India Gate Rozana basmati rice is produced with international quality standards, cleaned, sorted and packed in superior, hygienic and state-of-the-art facilities, completely untouched by human hands.</div>
</div>
</div>
</div>",INDIA GATE,,GROCERY,BASMATI BRANDED,True,Title,Default Title,,,,,'34646,5.0,shopify,,deny,manual,499.0,570.0,True,False,,https://cdn.shopify.com/s/files/1/0693/4826/2198/products/34646_1_abff7c4f-fe5f-4756-a9a8-021b8b41e964.jpg?v=1687858726,1.0,,False,,,,,,,,,,,,,,,,,kg,,,True,,active
india-gate-basmati-rice-feast-rozzana-5-kg-pouch-1,INDIA GATE BASMATI RICE FEAST ROZZANA 5 KG POUCH || S1,"<div id=""about_0"" class=""_3ezVU"">
<div>
<div class=""_26MFu"">
<div>From the World's No. 1 Basmati Rice* brand, India Gate Rozana Rice is everyday rice that makes each meal memorable. This daily use basmati rice leaves you feeling satisfied and nourished. Grown in the north-western foothills of the Himalayas, this Basmati rice helps fuel your body with the essential vitamins and nutrients. It is aged for a minimum of 1.5 years which results in better volume, fluffiness, yield and distinct basmati aroma &amp; taste. The India Gate Rozana basmati rice is produced with international quality standards, cleaned, sorted and packed in superior, hygienic and state-of-the-art facilities, completely untouched by human hands.</div>
</div>
</div>
</div>",INDIA GATE,,GROCERY,BASMATI BRANDED,True,Title,Default Title,,,,,'34646,5.0,shopify,,deny,manual,499.0,570.0,True,False,,https://cdn.shopify.com/s/files/1/0693/4826/2198/products/34646_1_fcf743a1-a5f8-45d1-8668-dcbfac53087b.jpg?v=1687858704,1.0,,False,,,,,,,,,,,,,,,,,kg,,,True,,active
himalaya-baby-powder-200-g-3,"HIMALAYA BABY POWDER, 200 G || S3","<p>Himalaya Baby Powder is formulated with herbal ingredients, keeps your baby’s skin cool and comfortable</p>",HIMALAYA,,TALCUM/DEO/PERFUME,TALC POWDER,True,Title,Default Title,,,,,'35664,200.0,shopify,,deny,manual,193.05,195.0,True,False,,https://cdn.shopify.com/s/files/1/0693/4826/2198/products/35664_1_096dbf2b-99ab-4412-84df-88f4929d74dd.jpg?v=1687860728,1.0,,False,,,,,,,,,,,,,,,,,kg,,,True,,active
hamam-with-neem-tulsi-and-aloevera-soap-1,HAMAM WITH NEEM TULSI AND ALOEVERA SOAP || S1,"<span>Hamam is a brand that has consistently stood by its promise of honesty and safety for the last 87 years. Hamam harnesses the best of nature to provide safety and protection to your skin and thats why Hamam has stood the test of time as a component of the wisdom mothers pass on to their children to keep them safe. New best ever Hamam does not merely cleanse your skin, it purifies it. It harnesses one of the natures most potent protectors in 100 percent pure neem oil and complements it with two of natures most effective care givers in tulsi and aloe vera to bring together a best solution to fight your skins battles against dust, sweat and pollution. New best ever Hamam promises you a bath that will evoke the best of nature. Go safe outside with the new best ever Hamam skin protection. Go safe outside with the new best ever Hamam fragrance.</span>",HAMAM,,BATH SOAPS,BATH SOAP,True,Title,Default Title,,,,,'35864,0.0,shopify,,deny,manual,40.59,41.0,True,False,,https://cdn.shopify.com/s/files/1/0693/4826/2198/products/35864_1_4d360e4d-b8a2-4ad9-b8be-eef507711f50.jpg?v=1687862034,1.0,,False,,,,,,,,,,,,,,,,,kg,,,True,,active
frooti-mango-drink-300-ml-bottle-3,"FROOTI MANGO DRINK, 300 ML BOTTLE || S3",<p>Frooti Is A Name That We All Associate With The Juicy Flavour Of Mango. This Fresh And Juicy Mango Frooti. It Is Also Sold In Other Countries And Is Known Internationally For Its Soothing Goodness And Rich Flavour.</p>,FROOTI,,COLD/FRUIT DRINKS,SOFT DRINKS,True,Title,Default Title,,,,,'36572,300.0,shopify,,deny,manual,19.8,20.0,True,False,,https://cdn.shopify.com/s/files/1/0693/4826/2198/products/36572_1_5f9287bb-9cc8-47ac-ad37-6b928587a0cd.jpg?v=1687865359,1.0,,False,,,,,,,,,,,,,,,,,kg,,,True,,active
comfort-after-fabr-pink-800-ml-2,COMFORT AFTER FABRIC PINK 800 ML || S2,"<p>Detergent Makes Your Clothes Dull And Lifeless. Comfort Is A Special Fabric 'Conditioner' That Cares For Your Clothes And Gives Them An Unbeatable Shine And Fragrance, That No Detergent Alone Can Deliver. It Provides Long-Lasting 14-Day Freshness, Making Clothes Soft, Smooth And Great To Wear. Add Just 1/2 A Cap Of Comfort In The Last Rinse Of Washing, To Give Your Clothes An Amazing Shine And Fragrance. Features: Using Only Detergent Cleans Your Clothes, But Makes Them Dull &amp; Lifeless In The Process. Comfort Is A Special Fabric 'Conditioner' That Cares For Your Clothes &amp; Gives Them An Unbeatable Shine &amp; Fragrance That No Detergent Alone Can Deliver. It Provides Long-Lasting 14-Day Freshness, Making Clothes Soft, Smooth &amp; Great To Wear. Add Just 1/2 A Cap Of Comfort In The Last Rinse Of Washing, To Give Your Clothes An Amazing Shine &amp; Fragrance. How To Use Comfort Fabric Conditioner Is Easy To Use With Both Machine As Well As Hand Wash. Add Just ½ A Cap Of Comfort In The Last Rinse Of Washing, To Give Your Clothes An Amazing Shine &amp; Fragrance.</p>",COMFORT,,WASHING/DETERGENTS,LIQUID WASHING DETERGENT,True,Title,Default Title,,,,,'36663,800.0,shopify,,deny,manual,215.0,235.0,True,False,,https://cdn.shopify.com/s/files/1/0693/4826/2198/products/36663_1_605e12fa-27fc-4b1d-9e37-1d5ef37a2dc5.jpg?v=1691639885,1.0,,False,,,,,,,,,,,,,,,,,kg,,,True,,active
comfort-after-fabr-pink-800-ml-1,COMFORT AFTER FABRIC PINK 800 ML || S3,"<p>Detergent Makes Your Clothes Dull And Lifeless. Comfort Is A Special Fabric 'Conditioner' That Cares For Your Clothes And Gives Them An Unbeatable Shine And Fragrance, That No Detergent Alone Can Deliver. It Provides Long-Lasting 14-Day Freshness, Making Clothes Soft, Smooth And Great To Wear. Add Just 1/2 A Cap Of Comfort In The Last Rinse Of Washing, To Give Your Clothes An Amazing Shine And Fragrance. Features: Using Only Detergent Cleans Your Clothes, But Makes Them Dull &amp; Lifeless In The Process. Comfort Is A Special Fabric 'Conditioner' That Cares For Your Clothes &amp; Gives Them An Unbeatable Shine &amp; Fragrance That No Detergent Alone Can Deliver. It Provides Long-Lasting 14-Day Freshness, Making Clothes Soft, Smooth &amp; Great To Wear. Add Just 1/2 A Cap Of Comfort In The Last Rinse Of Washing, To Give Your Clothes An Amazing Shine &amp; Fragrance. How To Use Comfort Fabric Conditioner Is Easy To Use With Both Machine As Well As Hand Wash. Add Just ½ A Cap Of Comfort In The Last Rinse Of Washing, To Give Your Clothes An Amazing Shine &amp; Fragrance.</p>",COMFORT,,WASHING/DETERGENTS,LIQUID WASHING DETERGENT,True,Title,Default Title,,,,,'36663,800.0,shopify,,deny,manual,215.0,235.0,True,False,,https://cdn.shopify.com/s/files/1/0693/4826/2198/products/36663_1_913d4ca5-312c-405a-9a7a-8be6b98b2a25.jpg?v=1691639878,1.0,,False,,,,,,,,,,,,,,,,,kg,,,True,,active
comfort-after-fabr-pink-800-ml-3,COMFORT AFTER FABRIC PINK 800 ML || S1,"<p>Detergent Makes Your Clothes Dull And Lifeless. Comfort Is A Special Fabric 'Conditioner' That Cares For Your Clothes And Gives Them An Unbeatable Shine And Fragrance, That No Detergent Alone Can Deliver. It Provides Long-Lasting 14-Day Freshness, Making Clothes Soft, Smooth And Great To Wear. Add Just 1/2 A Cap Of Comfort In The Last Rinse Of Washing, To Give Your Clothes An Amazing Shine And Fragrance. Features: Using Only Detergent Cleans Your Clothes, But Makes Them Dull &amp; Lifeless In The Process. Comfort Is A Special Fabric 'Conditioner' That Cares For Your Clothes &amp; Gives Them An Unbeatable Shine &amp; Fragrance That No Detergent Alone Can Deliver. It Provides Long-Lasting 14-Day Freshness, Making Clothes Soft, Smooth &amp; Great To Wear. Add Just 1/2 A Cap Of Comfort In The Last Rinse Of Washing, To Give Your Clothes An Amazing Shine &amp; Fragrance. How To Use Comfort Fabric Conditioner Is Easy To Use With Both Machine As Well As Hand Wash. Add Just ½ A Cap Of Comfort In The Last Rinse Of Washing, To Give Your Clothes An Amazing Shine &amp; Fragrance.</p>",COMFORT,,WASHING/DETERGENTS,LIQUID WASHING DETERGENT,True,Title,Default Title,,,,,'36663,800.0,shopify,,deny,manual,215.0,235.0,True,False,,https://cdn.shopify.com/s/files/1/0693/4826/2198/products/36663_1_8282d1f1-5fb6-45de-a560-0c5b0a97a1b3.jpg?v=1691639924,1.0,,False,,,,,,,,,,,,,,,,,kg,,,True,,active
makhana-50-gm-2,MAKHANA 50 G || S2,"<p>R.K. Bazar Makhana is normally used to make makhana kheer, a sweet dish which is commonly consumed during fasting. You can also add a Makhana to your salads. Makhana seeds are also known as lotus seed which is an organic non-cereal nutrition food.</p><p></p>",R.K.BAZAR(TAX),,DRY FRUITS,MAKHANA,True,Title,Default Title,,,,,'36925,50.0,shopify,,deny,manual,68.0,68.0,True,False,,https://cdn.shopify.com/s/files/1/0693/4826/2198/products/36925_1_4559f7f1-cd09-4061-82a6-e35913e6749d.jpg?v=1692200607,1.0,,False,,,,,,,,,,,,,,,,,kg,,,True,,active
blajis-tulsi-gold-lachkari-wada-kolam-rice-26-kg-2,BALAJI'S TULSI GOLD LACHKARI WADA KOLAM RICE 1 KG || S2,<p>Wada Kolam is made from pure and authentic harvests originating from the finest farms of Karnataka Region.</p><p></p>,R.K.BAZAR,,GROCERY,RICE,True,Size,1 kg,,,,,'37812,1000.0,shopify,,deny,manual,61.0,61.0,True,True,,https://cdn.shopify.com/s/files/1/0693/4826/2198/products/37812_1_6f2c4dca-5a1f-4e93-83f7-005de481f69e.jpg?v=1691660396,1.0,,False,,,,,,,,,,,,,,,,https://cdn.shopify.com/s/files/1/0693/4826/2198/products/37812_1_6f2c4dca-5a1f-4e93-83f7-005de481f69e.jpg?v=1691660396,kg,,,True,,active
blajis-tulsi-gold-lachkari-wada-kolam-rice-26-kg-1,BALAJI'S TULSI GOLD LACHKARI WADA KOLAM RICE 1 KG || S3,<p>Wada Kolam is made from pure and authentic harvests originating from the finest farms of Karnataka Region.</p><p></p>,R.K.BAZAR,,GROCERY,RICE,True,Size,1 kg,,,,,'37812,1000.0,shopify,,deny,manual,61.0,61.0,True,True,,https://cdn.shopify.com/s/files/1/0693/4826/2198/products/37812_1_229d2b05-92f6-44b6-9d73-9298ea3756f9.jpg?v=1691660389,1.0,,False,,,,,,,,,,,,,,,,https://cdn.shopify.com/s/files/1/0693/4826/2198/products/37812_1_229d2b05-92f6-44b6-9d73-9298ea3756f9.jpg?v=1691660389,kg,,,True,,active
jk-silky-grass-brooms-1pcs-1,JK SILKY GRASS BROOMS 1 PCS || S1,"<p>Jk Silky Grass Brooms utilizes high-grade material and advanced techniques at par with the set quality norms. It has excellent design, smooth surface and supreme quality. It sweeps smoothly and comes in handy to use.</p><p></p>",R.K.BAZAR,,CLEANING MATERIAL,BROOM,True,Title,Default Title,,,,,'40887,0.0,shopify,,deny,manual,99.0,171.0,True,False,,https://cdn.shopify.com/s/files/1/0693/4826/2198/products/40887_1_fe586a73-d81b-48f0-8670-16157361cd6f.jpg?v=1687990379,1.0,,False,,,,,,,,,,,,,,,kg,,kg,,,True,,active
unibic-cashew-badam-cookie-300-g-3,UNIBIC CASHEW BADAM COOKIE 300 G || S3,"<p>Unibic is able to make cookies with a real home-made taste and feel due to the wire cut technology used to cut cookies.Our cookies are made with the best ingredients and mixed with select fruits, nuts and spices to create a range over 20 flavours that will delight your taste buds!
Whether you want to indulge your senses with chocolate, love butter and cashews, want a savoury snack to go with your tea or even want to go sugar free, we have the perfect cookie for every want.</p>",UNIBIC,,BISCUITS/BAKERY,BISCUITS,True,Title,Default Title,,,,,'42402,300.0,shopify,,deny,manual,60.0,120.0,True,False,,https://cdn.shopify.com/s/files/1/0693/4826/2198/products/42402_1_1f88309b-2dc3-4c77-b9dd-75e562904c62.jpg?v=1687887731,1.0,,False,,,,,,,,,,,,,,,,,kg,,,True,,active
good-knight-advanced-activ-cartridge-twin-saver-pack-pack-of-4,GOOD KNIGHT ADVANCED ACTIV+ CARTRIDGE TWIN SAVER PACK (PACK OF 2) || S2,"<p>The Power Of Good Knight - A Mosquitos Irritating Bites Can Ruin Almost Any Occasion. Its Not Just About The Nuisance They Cause, Mosquitoes Are Also Carriers Of Some Of The Most Deadly Diseases. Hence, Getting Rid Of Them Should Be A Priority. Protect Your Families Happy Moments With The Most Innovative Mosquito Repellents From The House Of Good Knight. We Bring To You The Safest And The Most Technologically Superior Products To Protect Your Family And Loved Ones.</p>",GOOD KNIGHT,,INSECTICIDES/REPELLANT,MOSQUITO LIQUID,True,Title,Default Title,,,,,'42694,0.0,shopify,,deny,manual,148.5,150.0,True,True,,https://cdn.shopify.com/s/files/1/0693/4826/2198/products/42694_1_51a22970-6756-4429-ac7d-e3620f5de373.jpg?v=1687953334,1.0,,False,,,,,,,,,,,,,,,,,kg,,,True,,active
classy-spicy-chilli-powder-100-g-3,CLASSY SPICY CHILLI POWDER 100 G || S3,"<span>Classy Spicy Chilli Powder, a pantry staple in almost all Indian dishes. Whether making a curry, sauce, pickle, or paste, Red Chilli Powder is an inseparable part of Indian cooking. Introducing,  Red Chilli Powder that is made to perfection to add a touch of spice to all your regular and exotic dishes. Known as the land of spiciest chillies. For the perfect texture, colour, spice, and hotness, the  Red Chilli Powder is processed in low-temperature grinding technology and is packed using state-of-the-art equipment ensuring minimal human contact.</span>",CLASSY SPICY,,SPICES/MASALA,SPICES & MASALAS BRANDED,True,Title,Default Title,,,,,'43039,100.0,shopify,,deny,manual,59.4,60.0,True,False,,https://cdn.shopify.com/s/files/1/0693/4826/2198/products/43039_1_7f64dee3-9f16-4451-96dd-9c7d55330220.jpg?v=1687890410,1.0,,False,,,,,,,,,,,,,,,,,kg,,,True,,active
atta-flours-sooji-2,FORTUNE CHANA BESAN 1 KG POUCH || S3,,FORTUNE,,GROCERY,BESAN,True,Title,Default Title,,,,,'43278,1000.0,shopify,,deny,manual,115.0,160.0,True,False,,https://cdn.shopify.com/s/files/1/0693/4826/2198/products/43278_1_f8a5561a-d6fe-4af1-8761-0fb32b4b7881.jpg?v=1691621648,1.0,,False,,,,,,,,,,,,,,,,,kg,,,True,,active
india-gate-basmati-rice-super-1-kg-pouch-2,INDIA GATE BASMATI RICE SUPER 1 KG POUCH || S2,"<span>India Gate Super Basmati Rice is defined by its fine texture, long and slender pearlescent white grains, and distinct aroma. When cooked, the grains elongate up to three times in length. It is aged for a minimum of 1.5 years which results in better volume, fluffiness, and yield. This aging process also imparts the distinct Basmati aroma and taste to the rice. The distinguished flavor of India Gate Super Basmati Rice turns everyday meals into indulgent feasts. It is ideal for serving with special dishes like Rajma Chawal, Chettinad Chicken Curry, Kadhi Chawal, Machhi Bhaat, Sambhar Rice, Lemon Rice and the likes.</span>",INDIA GATE,,GROCERY,BASMATI BRANDED,True,Title,Default Title,,,,,'43313,1.0,shopify,,deny,manual,189.0,217.0,True,False,,https://cdn.shopify.com/s/files/1/0693/4826/2198/products/43313_1_b46225cb-f1e5-47dc-8243-970f091291c7.jpg?v=1687891592,1.0,,False,,,,,,,,,,,,,,,,,kg,,,True,,active
india-gate-basmati-rice-super-1-kg-pouch-3,INDIA GATE BASMATI RICE SUPER 1 KG POUCH || S3,"<span>India Gate Super Basmati Rice is defined by its fine texture, long and slender pearlescent white grains, and distinct aroma. When cooked, the grains elongate up to three times in length. It is aged for a minimum of 1.5 years which results in better volume, fluffiness, and yield. This aging process also imparts the distinct Basmati aroma and taste to the rice. The distinguished flavor of India Gate Super Basmati Rice turns everyday meals into indulgent feasts. It is ideal for serving with special dishes like Rajma Chawal, Chettinad Chicken Curry, Kadhi Chawal, Machhi Bhaat, Sambhar Rice, Lemon Rice and the likes.</span>",INDIA GATE,,GROCERY,BASMATI BRANDED,True,Title,Default Title,,,,,'43313,1.0,shopify,,deny,manual,189.0,217.0,True,False,,https://cdn.shopify.com/s/files/1/0693/4826/2198/products/43313_1_853042c6-a25f-47f6-b395-98dd12454c29.jpg?v=1687891597,1.0,,False,,,,,,,,,,,,,,,,,kg,,,True,,active
india-gate-basmati-rice-super-1-kg-pouch-1,INDIA GATE BASMATI RICE SUPER 1 KG POUCH || S1,"<span>India Gate Super Basmati Rice is defined by its fine texture, long and slender pearlescent white grains, and distinct aroma. When cooked, the grains elongate up to three times in length. It is aged for a minimum of 1.5 years which results in better volume, fluffiness, and yield. This aging process also imparts the distinct Basmati aroma and taste to the rice. The distinguished flavor of India Gate Super Basmati Rice turns everyday meals into indulgent feasts. It is ideal for serving with special dishes like Rajma Chawal, Chettinad Chicken Curry, Kadhi Chawal, Machhi Bhaat, Sambhar Rice, Lemon Rice and the likes.</span>",INDIA GATE,,GROCERY,BASMATI BRANDED,True,Title,Default Title,,,,,'43313,1.0,shopify,,deny,manual,189.0,217.0,True,False,,https://cdn.shopify.com/s/files/1/0693/4826/2198/products/43313_1_bf133c71-e575-402a-8ce3-98ff150e17de.jpg?v=1687891587,1.0,,False,,,,,,,,,,,,,,,,,kg,,,True,,active
gillette-manual-shaving-razor-presto-1-pc-pouch-2,GILLETTE MANUAL SHAVING RAZOR PRESTO 1 PC POUCH || S2,<span>Gillette Presto is a mans best friend on those days when he has to get to work in a jiffy and still sport that smart look. Gillette Presto Razors feature two blades that perfectly remove facial hair while gliding across the face with less tug and pull.</span>,GILLETTE,,SHAVING PRODUCTS,SHAVING RAZOR,True,Title,Default Title,,,,,'45547,0.0,shopify,,deny,manual,59.4,60.0,True,True,,https://cdn.shopify.com/s/files/1/0693/4826/2198/products/45547_1_23657efb-4e37-42d5-be51-73091e90346a.jpg?v=1687901172,1.0,,False,,,,,,,,,,,,,,,,,kg,,,True,,active
patanjali-cow-s-pure-butter-desi-ghee-1-ltr-3,PATANJALI COW S PURE BUTTER (DESI GHEE) 1 LTR || S3,<p>A Best Selling Patanjali products from India. Baba Ramdev Indian products</p>,PATANJALI,,OIL/GHEE/VANASPATI,GHEE,True,Title,Default Title,,,,,'46617,1000.0,shopify,,deny,manual,710.0,720.0,True,False,,https://cdn.shopify.com/s/files/1/0693/4826/2198/products/46617_1_398aa1f2-3960-44d6-b318-7ffb097a7f10.jpg?v=1688054954,1.0,,False,,,,,,,,,,,,,,,,,kg,,,True,,active
toor-dal-pre-jalana-250-g-2,TOOR DAL PRE JALANA 250 G || S2,"<p>Our Toor Dal is grown using natural farming methods, which does not involve chemical fertilizers or pesticides. </p>",R.K.BAZAR(TAX),,GROCERY,PULSES,True,Title,Default Title,,,,,'46789,250.0,shopify,,deny,manual,68.0,68.0,True,False,,https://cdn.shopify.com/s/files/1/0693/4826/2198/products/46789_1_f842313a-f370-487e-8049-a2ff3375f66d.jpg?v=1688055084,1.0,,False,,,,,,,,,,,,,,,,,kg,,,True,,active
fortune-super-basmati-rice-raw-rice-aged-to-perfection-1-kg-2,FORTUNE SUPER BASMATI RICE RAW RICE AGED TO PERFECTION 1 KG || S2,"<p>Fortune brings to you the most special basmati - Fortune Super Basmati Rice. It is specially aged to help every grain acquire the best basmati characteristic. Every slender grain of super basmati rice is carefully picked, aged, dried, de-husked, processed, graded and sorting machine at our state-of-the-art milling plant. On cooking, it becomes exceptionally long while remaining non-sticky. The result is an irresistible serving that delights everyone’s heart through its appearance and taste. It is best used to prepare pulav, fried rice, risotto and paella.</p>",FORTUNE,,GROCERY,BASMATI BRANDED,True,Title,Default Title,,,,,'47340,1000.0,shopify,,deny,manual,165.0,170.0,True,False,,https://cdn.shopify.com/s/files/1/0693/4826/2198/products/47340_1_a6269741-1757-4a10-a7fd-95009d94bb76.jpg?v=1688055173,1.0,,False,,,,,,,,,,,,,,,,,kg,,,True,,active
fortune-super-basmati-rice-raw-rice-aged-to-perfection-1-kg-3,FORTUNE SUPER BASMATI RICE RAW RICE AGED TO PERFECTION 1 KG || S3,"<p>Fortune brings to you the most special basmati - Fortune Super Basmati Rice. It is specially aged to help every grain acquire the best basmati characteristic. Every slender grain of super basmati rice is carefully picked, aged, dried, de-husked, processed, graded and sorting machine at our state-of-the-art milling plant. On cooking, it becomes exceptionally long while remaining non-sticky. The result is an irresistible serving that delights everyone’s heart through its appearance and taste. It is best used to prepare pulav, fried rice, risotto and paella.</p>",FORTUNE,,GROCERY,BASMATI BRANDED,True,Title,Default Title,,,,,'47340,1000.0,shopify,,deny,manual,165.0,190.0,True,False,,https://cdn.shopify.com/s/files/1/0693/4826/2198/products/47340_1_4ce625d6-3444-4a2e-9063-956b580904eb.jpg?v=1688055180,1.0,,False,,,,,,,,,,,,,,,,,kg,,,True,,active
fortune-super-basmati-rice-raw-rice-aged-to-perfection-1-kg-1,FORTUNE SUPER BASMATI RICE RAW RICE AGED TO PERFECTION 1 KG || S1,"<p>Fortune brings to you the most special basmati - Fortune Super Basmati Rice. It is specially aged to help every grain acquire the best basmati characteristic. Every slender grain of super basmati rice is carefully picked, aged, dried, de-husked, processed, graded and sorting machine at our state-of-the-art milling plant. On cooking, it becomes exceptionally long while remaining non-sticky. The result is an irresistible serving that delights everyone’s heart through its appearance and taste. It is best used to prepare pulav, fried rice, risotto and paella.</p>",FORTUNE,,GROCERY,BASMATI BRANDED,True,Title,Default Title,,,,,'47340,1000.0,shopify,,deny,manual,165.0,170.0,True,False,,https://cdn.shopify.com/s/files/1/0693/4826/2198/products/47340_1_e0d75cca-b111-476d-9c0f-f9bca92950e7.jpg?v=1688055167,1.0,,False,,,,,,,,,,,,,,,,,kg,,,True,,active
r-k-corn-flour-200g-1,R.K CORN FLOUR 200G || S1,"<p>R.K.B Corn Flour is a finely ground white starch powder extracted from maize kernels. The flour is milled from the kernels, while the starch is obtained from the endosperm of the kernel. The corn flour is pale white in colour and is virtually tasteless. Use it as a thickening agent for your recipe base or as a batter for frying! It is used in the making of many varieties of bakery items, Chinese dishes, sweets, sauces, custards, puddings and desserts.</p>",R.K.BAZAR(TAX),,FAST FOOD (RADY TO EAT),READY TO EAT,True,Title,Default Title,,,,,'52420,200.0,shopify,,deny,manual,17.0,17.0,True,False,,https://cdn.shopify.com/s/files/1/0693/4826/2198/products/52420_1_01ad77fd-30aa-453d-aec9-a1ea9070101c.jpg?v=1692204458,1.0,,False,,,,,,,,,,,,,,,,,kg,,,True,,active
gowardhan-curd-500-g-pouch-2,GOWARDHAN CURD 500 G POUCH || S2,"<p>Gowardhan vital standardized milk contains 4 to 5 percent fat and 8 to 9 percent SNF. Gowardhan fresh toned milk contains 3 percent fat, vital plus fill cream milk with 6 percent fat and 9 percent SNF. Starts your day on a healthy note with this milk.</p>",GOWARDHAN,,DAIRY/FROZEN,MILK,True,Title,Default Title,,,,,'53767,500.0,shopify,,deny,manual,41.0,44.0,True,True,,https://cdn.shopify.com/s/files/1/0693/4826/2198/products/53767_1_ff3fb8d8-de1a-4cc2-8b63-97c57770a0b9.jpg?v=1687914278,1.0,,False,,,,,,,,,,,,,,,,,kg,,,True,,active
health-drinks-nutrition-bars-3,YAKULT LIGHT RED 325 ML || S3,<p>Yakult is a probiotic fermented milk drink that contains over 6.5 billion beneficial bacteria Lactobacillus casei strain Shirota (LcS) in every bottle. Yakult bacteria Lactobacillus casei strain Shirota (LcS) reachs the intestine alive and helps improve the intestinal function and builds immunity. Yakult is sold globally and over 35 million people enjoy the delicious taste of Yakult.</p>,YAKULT,,COLD/FRUIT DRINKS,ENERGY DRINK,True,Title,Default Title,,,,,'53973,325.0,shopify,,deny,manual,94.05,95.0,True,False,,https://cdn.shopify.com/s/files/1/0693/4826/2198/products/53973_1_79c8c942-20eb-405a-89a5-2916ca0fffcf.jpg?v=1687779240,1.0,,False,,,,,,,,,,,,,,,,,kg,,,True,,active
patanjali-kachi-ghani-mustard-oil-1-ltr-pouch-2,PATANJALI KACHI GHANI MUSTARD OIL 1 LTR (POUCH) || S2,<p>Mustard Oil is extracted from cold-pressed Mustard seeds that adds an aromatic flavour to your dishes. This oil improves the quality of food and is good for making Indian dishes. Relish the taste of Patanjali Kachi Ghani Mustard Oil in your meals. Buy Patanjali Kachi Ghani Mustard Oil online now!</p>,PATANJALI,,OIL/GHEE/VANASPATI,MUSTARD OIL,True,Title,Default Title,,,,,'58527,1000.0,shopify,,deny,manual,143.0,145.0,True,False,,https://cdn.shopify.com/s/files/1/0693/4826/2198/products/58527_1_50853f0d-f717-40c1-bcb4-0fb02e168009.jpg?v=1688060745,1.0,,False,,,,,,,,,,,,,,,,,kg,,,True,,active
patanjali-kachi-ghani-mustard-oil-1-ltr-pouch-3,PATANJALI KACHI GHANI MUSTARD OIL 1 LTR (POUCH) || S3,<p>Mustard Oil is extracted from cold-pressed Mustard seeds that adds an aromatic flavour to your dishes. This oil improves the quality of food and is good for making Indian dishes. Relish the taste of Patanjali Kachi Ghani Mustard Oil in your meals. Buy Patanjali Kachi Ghani Mustard Oil online now!</p>,PATANJALI,,OIL/GHEE/VANASPATI,MUSTARD OIL,True,Title,Default Title,,,,,'58527,1000.0,shopify,,deny,manual,143.0,145.0,True,False,,https://cdn.shopify.com/s/files/1/0693/4826/2198/products/58527_1_c05b3fb5-f102-4e55-9a0b-258bae37fc51.jpg?v=1688060752,1.0,,False,,,,,,,,,,,,,,,,,kg,,,True,,active
good-knight-gold-flash-machine-1,GOOD KNIGHT GOLD FLASH+MACHINE || S1,"<p>A mosquito's irritating bites can ruin almost any occasion. Itbs not just about the nuisance they cause; mosquitoes are also carriers of some of the most deadly diseases. Hence, getting rid of them should be a priority. Protect your family's happy moments with the most innovative mosquito repellents from the house of Goodknight. We bring to you, the safest and technologically superior products to protect your family and loved ones. This pack contains 4 refills of Goodknight Gold Flash. Buy this super saver pack and stay protected from mosquitoes.</p>",GOOD KNIGHT,,INSECTICIDES/REPELLANT,MOSQUITO LIQUID,True,Title,Default Title,,,,,'58529,0.0,shopify,,deny,manual,99.0,100.0,True,False,,https://cdn.shopify.com/s/files/1/0693/4826/2198/products/58529_1_c5a069e5-0ca0-4136-8032-1aa3715a284c.jpg?v=1688060816,1.0,,False,,,,,,,,,,,,,,,,,kg,,,True,,active
r-k-b-khara-singh-200-g-1,R.K.B. KHARA SINGH 200 G || S1,"<p>Peanuts are one of the most popular nuts, mainly because of the unique taste, versatility and rich nutritious value. There might be many variants of Peanuts in the market, but the Peanuts from Gujarat are renowned all over the world for the bigger size and best flavour. DelightFoods brings to you this rich variant of peanuts, finely roasted and salted to perfection to give you the authentic taste of Fresh Roasted Salt Peanuts. These salted crispy nuts can be munched on as you watch your favourite TV show OR can be used as an accompaniment with your meal.</p><p></p>",R.K.BAZAR(TAX),,FARSAN/CHIKKI,ROASTED NUTS,True,Title,Default Title,,,,,'59109,200.0,shopify,,deny,manual,58.0,80.0,True,False,,https://cdn.shopify.com/s/files/1/0693/4826/2198/products/59109_1_8c11f71c-e252-44b1-8ec3-e81bc722f6f5.jpg?v=1688042635,1.0,,False,,,,,,,,,,,,,,,,,kg,,,True,,active
rks-plus-mustard-oil-1lbt-1-s2,RKS PLUS++ MUSTARD OIL 1L(BT) || S2,,RKS PLUS++,,OIL/GHEE/VANASPATI,MUSTARD OIL,True,Title,Default Title,,,,,'59141,1000.0,shopify,,deny,manual,130.0,230.0,True,False,,https://cdn.shopify.com/s/files/1/0693/4826/2198/products/59141_02_70bd0c14-a60b-498f-9aba-cba5489b11cb.webp?v=1694530513,1.0,,False,,,,,,,,,,,,,,,,,kg,,,True,,active
rks-plus-mustard-oil-1lbt-1-s3,RKS PLUS++ MUSTARD OIL 1L(BT) || S3,,RKS PLUS++,,OIL/GHEE/VANASPATI,MUSTARD OIL,True,Title,Default Title,,,,,'59141,1000.0,shopify,,deny,manual,130.0,230.0,True,False,,https://cdn.shopify.com/s/files/1/0693/4826/2198/products/59141_02.webp?v=1694530511,1.0,,False,,,,,,,,,,,,,,,,,kg,,,True,,active
rks-plus-mustard-oil-1lbt-1,RKS PLUS++ MUSTARD OIL 1L(BT) || S1,,RKS PLUS++,,OIL/GHEE/VANASPATI,MUSTARD OIL,True,Title,Default Title,,,,,'59141,1000.0,shopify,,deny,manual,130.0,230.0,True,False,,https://cdn.shopify.com/s/files/1/0693/4826/2198/files/59141_02.webp?v=1693466256,1.0,,False,,,,,,,,,,False,,,,,,,kg,,,True,,active
